num_layers,training_hours,flops_per_hour,prompt_tokens,gpu_power_watts,batch_size,energy_kwh
21,3.0360583202818074,118036074.85000423,189,310.3230455771924,77,2.857135604311295
25,45.52652183528724,44919400.304792725,270,277.6799705340108,33,5.4143212134821646
10,30.477540536440987,130925381.54804976,175,133.93190957044342,145,5.114819208908845
61,29.960244936640034,133842033.51382487,511,305.7047859447501,188,6.623944313967314
32,18.24647924241122,53371447.428340845,422,146.57240605814908,38,4.476141927927611
4,21.329422929787185,177505108.96276948,584,284.91482440810415,143,4.518595079994013
46,4.764866891004041,122471811.29116014,517,208.79643486365785,247,4.3003599215532695
17,5.018135774857828,184847600.03848416,318,256.6657804440151,158,5.336638768712409
72,20.183692484245814,103717211.31442599,264,271.88697428515525,26,6.296414593756201
46,38.013979297979134,172500276.60937122,426,179.37141621691705,47,7.903208128167802
20,16.783252529221283,49212320.93244286,245,297.8514585335304,185,3.2805638669885746
27,46.584573675963185,160610945.47054866,87,231.8228553304413,103,7.109414029949151
66,43.26493018292469,87140470.68354431,521,276.4298109293804,23,5.967466071521044
27,12.733950507506288,102129632.59143987,82,251.71923819519364,229,3.0590690153596327
10,5.034022733314531,191224976.81945202,366,227.98149418435014,30,5.260227568852184
17,18.546028978944626,159362278.9838909,445,167.8897818800386,28,5.969286072293483
34,39.7179609728908,104249349.26930924,385,175.45051608967984,237,6.98790286973098
36,19.124544640260442,33050241.083628107,46,121.6986548854539,58,1.4928692932701182
21,28.614352698476015,56193352.29887941,402,160.40718927928975,196,3.9587041217676617
22,40.07931373232983,140092808.37384406,273,254.03869541183295,253,5.397520190379173
69,5.996348566932155,144959236.54072177,271,206.55157057009382,145,4.390606825504062
39,12.9254109274794,70231396.78580287,195,131.10149223244235,201,2.6639567764134204
21,12.856669898310102,67517528.33062619,500,211.7041564049427,78,3.7332017870416485
22,32.07375931943307,172352690.77682382,269,214.82223827557647,166,5.514809792073466
50,16.353821489929455,72824907.33248666,504,168.8875298823175,58,5.29467194357016
23,14.862119212599573,163140756.96257803,356,318.2872254334409,206,5.914454148128327
53,35.47564494435767,165614780.2121534,388,164.10400239823323,173,6.326092449547298
14,11.682113561944819,5409568.261804473,167,173.97951917174336,22,2.141335038556364
15,2.0384904151606484,64473259.84102455,507,330.340621558006,43,3.663480784530099
10,38.61377236872331,66533430.63105527,122,181.97261829728956,193,3.761262787808097
16,20.40233815327893,165186734.27525502,7,227.4470436340559,121,5.679857479694719
22,0.7205599252689696,13894626.265322942,94,242.81798706510781,95,0.46480977350396213
21,28.7705832937354,158496567.7193823,207,193.3263974684574,91,4.3400538399496895
43,36.68407522642777,156545881.94559282,46,194.2895133034554,215,4.849674530163158
61,34.15631955086806,49019929.92526615,288,237.84014457941817,224,4.933860588185372
36,3.160609756064133,168963968.17738625,467,155.06682614969154,53,5.010233820400776
26,18.909615116048343,186983471.54353043,325,285.0931102299086,72,5.234777453601763
66,7.956655391044753,95677174.65543056,467,172.626079130376,120,4.1956385274069286
6,31.17994920310455,175861527.1691005,266,254.94410403520104,46,4.260110757141573
26,21.342135767815755,105072979.17588343,15,338.65423300624786,149,4.00775332121716
43,26.335451925081205,135820708.71356964,495,198.32000382355685,176,5.716087349266149
55,22.807431790075288,92812616.33403952,129,170.2390405437853,136,4.8394924598613045
43,35.70784422153459,116211984.48303305,249,121.16821437627192,77,5.508490326552218
19,19.499955842945642,82070830.62360892,154,176.55201211407189,229,3.946917065847355
31,36.204892580861454,6906331.833806036,272,132.60267159532248,176,3.8076266417498914
14,8.437004500506625,196859286.8640242,376,276.5562938020149,51,4.333471811377981
33,30.771480663866353,11508433.859570421,298,158.7243638228348,175,2.4090571509737737
66,32.39602500761693,40563943.01048077,79,147.57990224106481,213,5.010368190144073
68,5.041882472285987,119755647.67751773,252,165.70340315753546,6,4.679633947275774
39,12.39241098257774,160865044.46698847,282,185.50445168324143,228,4.092745973415428
62,46.72200622905589,80883830.28380163,89,280.3184844986083,131,5.890246166980473
71,4.345919055924577,119706912.24932706,95,263.73471024421207,97,3.00224147193051
22,29.039401494518447,16891882.21275847,73,153.83831610847,205,4.074822126256722
4,39.622965017923505,153689917.54550257,170,197.72302783099644,232,5.24179233275691
56,41.084373393830745,154578911.24549913,264,295.7379331756248,137,7.51070307176527
17,2.572546634952589,6712815.399014347,464,195.841977600797,193,2.014306970430026
22,22.80745447409561,74667653.45306136,408,171.08421409773976,15,3.7825260797684743
31,46.65250031119394,188657020.30666715,287,171.08243824030015,114,7.416996164381048
49,28.246837155813072,102817730.56025662,387,180.52435454923472,111,5.2927619395961445
25,14.621108287133719,58030289.213159434,171,344.134374812115,80,3.9627423061675655
5,37.455962691127965,98349520.0823289,146,200.2679180733254,251,4.49096252035557
11,17.421344719528417,8097274.3672427,545,291.3534481778348,47,3.840806682571756
13,12.892362319013506,28651149.927626844,207,205.7142551475584,116,2.2880966905324684
69,13.772130086874423,66905051.02560375,527,323.9649637198608,133,4.060733620595583
12,41.45751808439217,42496611.91716875,399,255.21166705638421,211,4.361816344054933
8,1.4359322147216618,108608962.31571002,299,301.5260832975129,252,3.403174762764521
33,3.6983567831144177,189829633.20218143,213,156.8157243089144,178,3.390617517436503
71,19.450715062801816,544113.5725306896,80,292.0380699077046,182,2.5675377784381723
53,38.76649320386926,157863881.7310499,302,161.75038614954119,16,7.5028755987884
12,12.942166531959005,27691077.528406214,17,226.7388103138595,108,0.9153777180792444
33,4.955485362634854,190001220.6829727,25,311.87737543746607,109,4.907863960021616
66,31.98442681714245,9219664.806440903,267,138.32779040285922,76,2.7420183539404253
32,12.746155798341949,83466512.76318893,121,157.14757477122177,96,3.704905386177243
39,27.23186096992064,43539799.54789064,432,267.5896289966885,200,5.071045229141002
12,15.293375406507726,38933113.76872863,195,244.01970316981243,193,1.8360680852278644
11,42.47302091951941,95077360.89724301,50,345.6552219086239,185,4.4083008891079905
51,28.34131927090391,115389597.09654307,537,272.2214419538818,83,6.063923460053568
43,38.125466103914306,171333980.07972923,29,212.46109701224464,116,7.252373315284958
35,12.663745202463843,68912907.96236406,483,269.47114909506183,158,4.016725999456183
34,44.26686066198547,16381595.246701764,201,311.81517335624335,235,4.369250071910862
17,31.179094838188725,12371022.899754101,528,329.6601363740088,119,4.419135902176703
44,23.26977085928272,174587672.04500058,174,176.72845651366893,223,5.959465918724736
35,44.87079357429908,91773709.6437542,367,303.01922317561275,187,4.791010846502069
41,44.18321714203735,48106734.204252586,478,176.48694232290015,123,6.9104432200449555
46,21.998920607051936,105798866.76158361,195,347.1579544754572,124,4.352528046341824
32,29.111425008308974,43496744.334078744,453,166.29834156567924,161,4.412748276771822
4,43.59766472298979,12590801.783372926,106,241.53132421278798,110,3.2234254849141846
36,41.24402106124935,125128772.12881881,580,164.97002747953545,117,5.802369417826246
48,29.008276638196048,99344699.5310356,14,218.66758268035198,28,3.5262346143202286
51,24.745984479558572,104927579.66168042,292,254.03971693188174,47,3.7007046274906337
9,11.425280717467286,165500845.8636472,257,324.12852068745775,221,5.00259120253714
50,15.491110406012055,37587643.923842706,503,259.5552714724206,244,5.1362794119985
54,42.024095347478756,100201344.79540272,534,226.0249503318288,55,8.028554613111622
17,11.467449523829174,139082124.82328275,264,189.46780410242104,226,4.873436897480318
27,44.63701738816384,160171632.3058691,115,137.90513864739745,238,5.336345848610224
5,21.0306765743934,111744838.53126168,367,249.283680270616,23,3.9231788161019594
7,10.509043292850263,93377832.12857747,507,337.2453523820309,183,3.062478769720176
32,29.69620160527783,57090482.78120085,559,139.55079665752265,57,4.915513275965588
38,19.08516013978024,115750867.23698153,17,138.20276082299426,57,4.84781636776732
57,4.1237931493014965,173168461.86129192,47,337.3758448244594,3,3.7888009790901673
9,38.134213701459586,134289428.789276,598,335.39582702633635,215,5.137375291102592
59,19.945253280043524,23094138.494027004,544,222.43365496294774,204,4.231824122273399
32,9.348963369614319,114120585.30902396,394,264.45880754075927,150,3.2204245193566527
27,22.641796366800122,951022.5495545426,22,181.06614709818615,182,2.3337364372351153
68,34.36410011752468,47483614.782310165,88,274.27291150372025,224,4.589571276174828
32,24.908842129610505,87512789.45978558,455,308.15434707408417,44,6.499892419978643
34,32.85251364472536,3302941.875960651,442,285.28636022040973,48,3.396310598419995
36,35.287351173778454,88299252.06421222,568,216.6983096689013,16,4.809013583058818
53,21.316429407320765,57771743.898254804,490,178.22394977652812,106,4.252821104092172
17,40.30092326325787,104508823.67682253,428,239.25729508638221,122,4.363182176003188
58,2.6934321554908043,150524290.69341227,76,164.67568177867815,18,2.764513232966968
63,15.79701271623073,15451608.82032303,313,346.61961221364635,221,3.5287014511679082
36,30.478989663885926,81052072.68275252,240,290.83049524851145,240,5.6397460278163205
13,14.333634718934308,74936385.19559291,329,344.85414084794706,65,3.177555617787206
43,7.0866421874682555,86919643.81652142,301,336.32967604521696,110,3.606030574795708
52,7.0269671428839535,102569737.12050019,187,179.47560688404533,226,4.358487813498867
57,18.649815086641578,62268146.52133848,231,347.4660046750183,195,3.7753269430518
4,20.449368142961703,167858132.59696043,149,140.57884786475293,170,4.389517472037775
15,39.312870112467444,123528720.36036174,385,207.23727961137564,32,5.754720103321096
5,3.3704371480929445,91529420.44662836,82,326.5812923104679,247,3.6068669416518784
46,15.98225104179898,170549279.52453983,370,140.55067169035198,121,5.111938942481768
28,9.273642639704427,107784303.64840059,200,172.1453101612051,241,3.425601550307591
6,33.39204253902427,108626061.65651232,383,322.1836327237828,52,4.203045150146666
15,2.380843672460297,13376950.018219233,390,320.9259795202099,246,2.082749225977291
9,7.6887303268434595,135184052.82526246,182,163.42054633391015,6,3.1317118661507646
54,20.894702320689454,114751385.94162077,143,303.3196082535902,238,5.53879845712325
47,21.45979917958786,44420843.15735941,459,286.71867387238603,84,2.983591938461287
71,10.680126677586687,14535297.38623179,560,323.29477534627415,7,4.172441339481919
18,18.594793692848054,74384970.49434449,359,134.5255415981229,149,2.47853374792469
9,8.635461902139214,106007579.14932702,221,159.238657222141,132,3.6868549027625663
41,4.008462155613476,73477490.63301015,356,239.94687318345487,221,3.953081156193666
18,26.973609492772074,130616717.26884672,62,273.80136838580063,77,4.075670561252999
5,23.84031129256307,46672509.40598807,292,171.07766431507716,35,3.3304975334143245
36,34.28931010322809,6370535.2372362055,254,235.3883380807756,167,2.909399483785459
50,17.92605892167516,141557039.50374404,165,217.91461860771415,162,3.5527921623379513
38,2.974330854570175,37904772.30601744,159,161.96925873953666,239,2.0244281161955873
19,14.317354112748014,32801165.57799638,354,147.68476226667576,144,2.0134232442008813
6,22.06721929914386,148012342.35813645,198,191.9743124941871,97,3.6360748907221185
20,8.337615657501077,164344239.85938573,57,269.2330117004492,253,3.2783414629216283
38,12.035865406150618,6054084.61917915,316,246.97201866521806,214,2.6415545628788193
18,16.33149606152734,48974404.79307644,392,139.95907712902277,247,2.5973611925771465
4,22.360134125472413,48122501.2836866,146,294.26227765272483,98,3.521164687461964
36,20.09526279140109,89345410.87406293,390,172.3103814756532,35,2.577532883633676
30,22.567551209975043,45686957.88351185,124,228.97477993089424,138,2.6842173555007904
14,9.000615547440098,12995470.273042668,348,216.71332724432847,176,2.2201633995013075
45,20.239787786593382,83994992.38186233,343,279.82912044159866,163,4.44956372254732
10,8.39999242053527,141971575.88537818,113,201.8719697507106,115,2.683671178563559
68,30.578221805511134,186244951.26366118,141,226.4057972053493,223,6.113681795180522
57,36.55432754477802,101998382.42475834,418,121.66619976162733,246,6.471645437844472
45,30.063456253173857,91254992.03059417,465,289.6653499082736,207,4.183831329069294
59,27.160245667717355,47677809.81852635,112,255.70849177485601,215,4.9044157651848135
42,3.8042555171409944,78287349.14732328,9,168.10985894968192,89,2.3338307911390412
53,40.65922524360374,47015911.3341781,539,160.87058849968128,108,5.865895163292338
4,11.163324199536055,103766590.38160408,117,208.0192869006281,144,3.5226462764570927
40,42.28122698535381,62480612.51119186,397,171.60979493322134,11,4.631439756762587
9,7.102008734694791,164126677.29274803,170,319.11238724783254,200,4.415736872906463
15,28.423392620298543,148753745.8503478,255,270.3405363810099,241,4.744466296203244
38,32.80128095893414,149129992.79737714,225,180.52491686162475,44,5.159388168028509
5,0.6436961535545946,140356299.0335116,243,254.62017821189542,102,3.1699049082437507
56,34.84818743958235,184189579.98917687,343,144.6364962929825,169,7.378072308752115
50,33.35385669225959,125694057.04120094,466,347.53842810477386,246,6.689266492798631
33,19.410814840944568,104447090.12752071,93,313.0559907780413,11,4.154353443613092
41,30.292484552634733,147833397.6441458,564,233.81975165706214,14,7.141733746858411
7,15.356085699443113,81307187.95405363,518,250.61635265449854,74,3.8004090182849954
13,5.57409085783524,11485180.736398105,589,238.8490993745205,243,2.8194692669921944
60,39.523455765272296,119895247.89116856,461,278.516621952658,169,7.135004589846972
60,33.92959642031526,99781483.27246413,186,136.75970738988897,64,5.997828851198859
33,2.918710736167113,59002049.44847735,436,313.38070202314555,224,2.8107217589285964
66,30.06356486412161,12551533.006582607,364,277.3884761746763,79,5.396115380236195
40,45.865855053553005,50123334.27001621,518,232.22599953251665,13,4.8019841040463245
9,40.22318787305929,98224740.97159281,543,121.5135018322041,246,6.179261245955754
58,2.788467005462215,113612815.20772712,54,201.7708220046693,177,3.986618621311754
34,18.683957390212328,43051090.96079661,201,224.59933286664614,198,2.9738538790647198
32,16.96107883750591,60651941.54369752,432,202.4640604869637,138,2.6832073846113538
59,46.70915589934667,53184426.2468922,158,282.67574266955336,197,5.453220231461366
38,3.9026754901164002,52986901.080203295,379,153.8665304507037,145,3.1027069503959597
41,0.9208194551600458,164944490.42679033,364,303.022371363652,181,4.110753317407422
32,8.771630583198833,115664287.82128914,330,260.42826489739423,224,3.9289345466272594
29,9.121946167292792,29839860.062945995,20,230.46923037814233,105,1.1019357285639082
55,31.845234020337422,28705332.014722534,93,253.5714621327552,193,3.373482690105386
31,25.686383069217392,51476008.41872721,387,282.7346376967506,212,4.397839826541456
53,40.79849854342897,25331709.586099997,285,273.43199983984664,238,4.801980716196933
24,38.97935579689153,91406432.67082927,184,258.9054221816444,3,4.6282913065958
37,45.04776331053375,84912616.67256056,450,160.01741623104306,225,6.9761715500087895
47,2.5474081604357366,51366042.39122426,589,300.022225316676,164,1.0544997800917102
21,18.81517642510851,110254381.93800947,230,340.97009787092713,38,3.0412433602181608
61,8.081316792749245,142299312.48531604,438,170.28682496635872,108,4.780192884083075
31,45.93615887743744,175974300.91173172,158,264.36220917500737,106,7.780549265072543
33,26.52584096389419,132144971.9936418,467,266.1488026845117,184,5.92949821861054
36,33.42949039720499,81801255.78626359,272,159.15145523727318,248,4.654490669551005
39,14.126593417461473,135974286.2585281,537,136.97411235113748,34,4.218479254335091
6,15.101360376284864,180556435.516303,165,138.449598977135,149,4.26314358053326
17,14.191881034661304,158756308.93406755,332,241.59736168708628,88,5.368191800810252
9,39.559111896759774,86821947.92396042,521,164.3384930385214,167,5.34208436010122
43,12.95848704969284,89427014.77518326,161,223.33034039215886,175,2.6525252046100682
44,19.035163209928935,98285718.42203943,221,264.8577962915318,167,3.545009018922643
62,3.651449029107688,161586309.57740647,242,259.0887270797687,53,5.400342627603289
34,17.102491378071623,110279187.27669533,219,142.11364494104575,33,2.84462204769783
70,35.09587513236991,62852358.65176473,458,146.5036387967661,63,6.0535013765440775
10,28.822347764072056,22430065.651362065,410,137.61279630516805,214,3.6164982933640424
9,31.971799828938675,29100083.226961896,481,172.27885992316365,163,4.346965442321711
41,36.38004855403429,27769931.643783443,276,227.61850478384872,170,4.961812044724145
43,37.451873636613286,187107220.88469678,458,187.89143115224758,166,6.773589410446705
10,46.35445157627695,140945611.75403613,409,145.88931448423673,56,6.70317103795878
59,12.472453071506482,168703593.80142123,64,289.41141926367095,254,5.582160384200117
13,5.345386716364339,93889046.26981391,5,205.29729778610283,208,2.3145210051320078
16,40.30596864124206,27120199.946648397,157,273.10211263163137,105,4.46944300652436
4,37.338976579622916,135588582.1743706,481,300.6035101980458,143,5.676420942612523
5,1.3657452685037392,31943153.46236089,568,146.50789761480678,165,2.213299314665335
15,19.769114494579934,12631884.494605567,500,139.3407708979515,189,3.7156497904892705
41,22.986532052577825,118765671.86938721,398,173.0621553232122,61,3.7691699996407255
60,10.157433608664606,16462835.346519174,436,209.22190572097446,29,3.324772069955659
50,13.367439128899585,176376161.69269925,457,272.71531284999344,122,5.715778658352168
8,39.364609063572004,58265544.58952208,575,198.86316130689,16,4.907919857785776
15,15.404172928892976,197712770.22660583,396,312.53203086618765,195,5.778479694904682
56,23.680767822158753,149821104.16523618,469,221.99502922627536,90,6.776848495394512
12,18.73675535047386,122634575.4162789,472,207.92918628157696,250,4.885974486196001
32,36.00306498834544,92770987.05852905,16,153.1663331022235,41,3.294759425978663
69,23.800865975371046,105002234.46177734,564,163.5734062600193,125,6.381910593590754
20,32.40546766442693,121465461.81911524,320,269.8916843061351,32,3.536053966063805
32,4.297045297629182,88933476.46066542,563,250.99800482582637,116,2.9912929761890776
22,9.603735403961526,93873510.48391335,384,345.237349938997,238,3.0592716517895653
24,9.68747190276742,191035012.2554298,383,177.8882576551896,122,5.251768549245454
32,33.303346675591975,15414913.881426677,558,235.3757255934801,214,5.537966802934357
27,4.866104533150655,20023527.500333253,513,327.33832420601277,127,2.887495788092673
60,34.1172531607727,136403344.1852804,98,212.2179610039478,243,5.471333870269954
29,35.0936810925169,118358962.82332191,125,286.09596123355635,32,5.197790778351565
33,18.07728146571129,162891107.18372127,559,327.2712427487191,137,6.384915329024213
18,14.23436290526755,90562628.99683104,556,193.35585131562988,94,3.84957823699252
40,17.88257868592611,19325752.438658115,457,260.61014362729065,156,4.3671835717180505
23,44.40105570787141,140812519.93131462,183,322.49795128472,54,6.4635933296603465
60,16.32057672639806,52861973.08334143,230,127.08662813883956,55,4.3748476807677
48,19.423908912053147,24599657.532355264,595,163.33848225192716,122,4.295846732546009
54,18.376542567201234,64523708.04913585,256,170.19597578040182,177,3.4063716395035293
43,0.5812012428043616,164035722.97642794,238,335.5094157623894,7,5.526228864040249
33,35.47461951232458,68916448.42906983,162,279.3870254974586,96,3.3096754448397734
41,26.506011419737977,122608518.14878732,552,325.25309010476263,86,5.523408614235853
13,35.731895467690876,58211263.71044786,116,163.9705893147164,254,3.7301943004655294
9,16.79025049636119,182656151.82311532,411,327.69137886956617,129,4.39028369419212
45,16.61801914954778,169616073.29617772,23,256.8334397239257,249,4.173480962780245
45,9.492079076588832,144628515.16201085,176,276.985574609208,78,4.302056319508018
70,4.669071045281338,174264508.3904004,126,233.05212431852962,147,5.446326215449357
27,34.07217507053825,2197916.4939569663,172,240.7760117418615,69,2.452674227097856
10,15.011417409401215,93372874.92348982,377,153.65944615873173,177,4.414791493464781
19,30.580931805390918,141768394.33315378,419,211.61378528070054,27,4.530003195958471
33,18.98784982111584,20788330.3036657,490,291.62550814075576,190,4.08471991247602
13,36.31195859580259,133940147.50633626,598,338.48712719556505,137,6.003160829400355
40,20.97849862410561,67678107.95805052,239,155.3934444347415,240,4.639785363879482
71,27.983939677183667,89610180.05787243,193,342.8060702520485,63,4.094831251313928
60,17.14485100799476,32837197.387158383,292,347.335045164049,26,3.71745895554966
63,44.03304743140123,96233634.79338017,42,325.4867830924493,168,5.595547860123582
71,24.994645534042554,8051544.790101016,391,129.265879245264,113,5.043745416154036
63,7.867246608556896,151340417.17678463,464,273.1061802311456,219,5.758814505291007
55,38.695452747358395,43506875.85247545,207,327.3819998487263,244,6.238431731744479
72,29.67655989670618,79181683.52215569,182,259.8339459627115,182,5.4736334490589655
8,7.26839116594153,11264644.87200392,83,276.0187005769227,177,1.1231573278014215
20,42.377370649453646,187870507.84624082,55,250.85812376994951,13,5.139220223417821
14,10.20889412371542,137362711.4035751,499,206.46778198890513,221,5.155000432215066
69,20.711685862190482,145002612.23273093,412,158.0685053824908,246,5.875457251800582
72,25.980919812927628,140243415.7293558,348,278.67256145684814,161,5.518709779763722
56,47.915096597142025,185003709.45274952,186,256.44276054349143,206,7.433705592521775
9,2.1213249089169794,9540292.284174087,301,121.30484156353363,197,0.7853011730227514
25,26.065073531743035,168380700.8000734,86,254.51714063514527,154,5.741603760048067
71,9.376022868871239,196218169.08768916,496,304.57011043766613,71,6.1542214391367205
46,39.91543469550121,42538661.841287434,369,278.2628666857278,65,3.2496188877959384
58,23.53790455437607,127463860.07687283,296,305.4719267886993,161,4.4801718853232515
54,47.74256289542745,188602902.0793079,336,340.78634807736023,179,7.8128927835519155
6,25.93075160743127,145591448.20002398,339,153.0665915879258,229,5.468062168283241
23,32.640842618574986,117757617.81107765,83,281.5612084385109,193,4.833232000165717
35,6.4289772998095005,30285443.851962447,512,200.33706940964032,98,4.360832017149558
21,21.40536328016137,163002487.94962075,546,224.31749958594207,63,5.326969611499944
63,14.742981650209899,159477699.65834907,37,280.0901391408478,181,4.078557543200414
12,31.42294092086424,3218510.5602672095,450,329.705251788335,104,3.2553602007413813
8,44.065226731467284,160033697.29479524,238,347.6936579307135,227,5.337981321236299
39,47.888775466124414,154284124.6414288,151,323.4687507447108,151,5.553693208314369
30,35.66383894894793,29148844.12746355,271,299.68007026080863,154,3.5497326953837924
41,41.361862303925804,88840523.18858947,17,150.50391355436196,87,3.5044644623584578
18,2.2742940986626206,41406648.921776116,417,288.35969941403175,223,2.821371168630856
64,22.366642386309874,140133853.93340114,407,223.56734385588487,190,6.744565872518109
72,22.592879189759273,107678698.99924956,598,257.57080241946903,240,5.83468405168617
32,19.372118695378227,32891009.114323407,200,316.82924825076816,223,3.1677183727189857
51,9.489581297170142,174009383.82571378,347,162.62443675312196,21,5.48142205848516
25,1.3845661246916574,129479634.10111655,8,147.78715290771126,130,3.322917521465956
55,40.89584782656626,6196514.659210335,32,165.6017582979186,204,4.35270029709145
43,7.198131472263946,8094104.984145361,93,336.83234272509145,144,1.3203255163074539
71,24.494344672082015,166608596.90771863,231,242.4875647253238,175,5.099392440946464
59,47.78905691112938,194186205.77848107,59,185.72531218199424,244,7.488541168269445
4,15.163046182798423,135575195.5606745,460,161.78898584582225,146,3.470001668284114
59,12.190228112334378,55944180.99509422,152,256.8507202536075,246,2.672376519205433
8,44.11427358340368,16832335.1326891,288,325.52770685513076,29,4.503938812206169
72,35.122674957685994,45170054.231322065,432,270.95046753883685,54,6.140150543363077
8,36.43583034942638,27472283.713172134,448,240.25871077870926,184,3.359032003689187
69,38.1424595405584,94424311.1163529,138,248.35683762592785,115,5.4680134634958515
22,3.257409828097722,183719618.84602964,258,169.50539507797805,40,3.807843657847391
11,41.92142355948618,3795926.5465233554,574,230.21469985828998,218,3.6883727111064055
69,38.67706609046459,8044293.02199039,244,193.2475982652218,166,4.913199867799134
35,42.699629668716895,192999587.57280588,367,169.6255777166665,212,7.701784362764232
26,11.925410319473741,46576220.81652188,245,125.33143354241803,141,1.0828844212237185
30,37.85386308533917,122031025.9076236,451,180.30609336641209,249,5.884048838133234
68,3.9703179756931632,12771582.286589611,581,147.09539545376438,61,4.262318691007048
60,23.9921053347095,50793056.7321886,399,124.35498279070825,250,4.309596801700899
35,46.03979460546029,160507356.76481497,457,122.97503889828235,160,7.694210247581954
40,40.63879292029669,50313071.31233868,430,191.373423891951,53,6.041533139762866
41,42.052195193854914,92805033.04437225,464,318.90771263168153,183,5.775838360331936
18,13.816005714990652,128384702.97789672,556,330.9264736154438,198,4.69748389203664
49,26.610999596492423,83852784.39731641,39,348.0332764944653,224,3.828038623026943
29,29.035678940326928,26385200.400542706,561,339.4743691547884,248,4.399411511552874
20,42.357815166066764,145998632.45034304,74,253.28810243683677,239,6.213781375522764
58,39.9828682575386,181711761.43965852,210,235.70700811771752,131,6.473171152347038
19,3.380576378609219,172869201.15244266,344,252.11251030205875,181,4.4316639019525965
42,8.779510459370476,181295847.20369947,221,142.6449814363826,117,3.6267722727178953
34,42.08193139123163,19193393.409222525,137,186.18460380942886,69,3.591709567686194
56,44.23142929577157,93978352.12895714,281,298.52615555838196,78,5.751779640165288
72,19.276050199577487,125858499.74828756,161,269.4820041963859,127,4.863042525615475
10,22.21122315187916,158736135.38424307,122,344.4643293171859,100,2.9117026777293455
61,20.222394652217098,143379809.41493562,110,275.32051395125666,84,5.366572863612419
21,37.168860134083026,181518922.31719697,501,308.50267704104124,120,7.070041677806787
62,45.80086385717109,125483439.47815713,512,348.32240247399017,115,7.853056646927184
35,24.800730244167376,25254452.810396098,198,295.3110963806064,149,3.1254727857779057
71,43.75124502437141,29966043.89104386,213,322.86235005938823,98,5.283719809258375
43,30.931982195370836,136633137.25137976,280,276.7301333942405,59,5.183838272748757
58,1.4889056174695943,79665475.39025946,507,261.3890420123052,48,3.575428168393547
17,44.20312474353653,43489354.12555456,496,213.01575679946734,231,5.70458003010599
26,36.884090986786845,141075881.48029265,182,211.56131945627573,235,4.575488007559019
46,37.88653889636473,34611895.31991176,408,141.7620763978957,184,4.489279963983791
5,14.032318415856146,140871559.96831793,184,228.2307734030112,188,4.237977819475832
10,32.207907949545216,77893152.22737049,97,273.6268185457999,253,4.332486762805165
35,4.354252937833309,163931266.4867487,91,346.5216623954009,59,3.9603930061915205
20,31.4098094678956,85833525.47637813,362,313.91398514025957,173,3.7230461414183447
16,45.03652440295283,7909304.3041547015,458,128.18309952696052,159,3.906855477622077
68,34.517833376075515,111382563.29757918,436,269.6282865300768,2,7.065845742457717
45,31.355070575913548,71178335.07455525,598,184.989668851208,116,4.677667881313121
64,17.451817806850553,105643623.71379891,437,290.01049067864255,90,5.285004837401214
64,2.509243128408873,130662205.13037334,337,326.6478776246927,104,4.233025753578584
7,2.963714248026201,141718457.4424065,482,141.2426193713953,127,4.31919690401709
22,22.677306162856794,74707315.25569025,381,181.15412427031538,130,3.5292153549770426
20,47.22463546742775,179234834.45992216,528,193.09409654487882,177,8.051934286310852
60,34.31597752730082,130228955.6053138,394,328.27650554554486,251,7.667704624747868
35,13.059645604616184,196127234.06756902,132,222.54799274508758,25,5.642458072498913
19,27.838614808687822,81452672.00120674,6,326.49343545919055,230,4.493242929193909
10,31.39936538610694,164395449.5465642,520,177.3881782756597,226,6.474089968068023
8,42.92102719821715,102990752.28519554,352,308.1914259532508,87,6.051844629503614
54,6.841329306177818,174308437.5798101,171,158.23740694090264,79,4.290419889428866
63,33.04493396971437,49907619.62827876,81,212.58463672535837,149,4.25940465098428
56,32.46840319199287,191727672.68938094,150,291.3993105956529,39,6.50992144775451
29,37.92957228826716,30705062.468213215,128,259.90045087937153,92,4.669933534152632
42,6.611888173764852,163649519.23813555,5,323.8536713106949,164,3.5488669845034675
26,14.175879380549382,165186532.81647646,322,174.13838417070696,3,5.158971479828013
46,23.011434748827988,155663823.62086105,496,184.68657591495378,254,6.058434538510262
7,6.468810813384355,175294620.9538922,47,138.80325480057456,77,3.6849749929295386
59,14.665279945634328,137691602.3681151,294,145.0806841329236,60,6.8115801005223515
29,31.948793738553253,47356436.455952905,519,271.1190994082429,11,5.171979997814975
45,23.561293582903577,3845214.651266199,514,139.8201517167714,42,3.2533228065942965
47,43.237325251941996,170521127.73649067,358,199.62314723431302,193,7.173758570780272
27,3.925133999791545,191717897.2601548,411,317.60616682328373,15,4.973837467966755
71,46.4378929332266,132360640.55130975,268,179.29947334582545,185,6.656618659031032
63,15.314705914971636,49443999.48971677,115,186.77777906374473,162,2.588179137745554
24,26.342838294502812,27742781.96533604,349,308.6941363850774,166,3.655860680461745
22,45.53507204295881,155012366.43244293,579,336.35985658850575,4,8.315230884029518
48,0.9571830949348086,153492015.41572776,218,343.7592797294974,75,3.6380333179699313
14,17.32550517092619,169345487.91851294,156,257.2947210626641,185,4.072999802889112
61,10.196879405206193,110275167.38440329,361,135.67314003093824,167,5.66670391628014
38,4.8427192434269335,128380292.14043738,353,211.99887158197959,131,4.521145254912459
49,27.456302049062785,122589986.38852443,213,268.61828300915636,56,4.552587069821685
54,25.018777149124833,127763338.77065769,290,179.4223559542298,18,4.769119027283679
31,14.201420071815747,122757241.60624345,526,256.85731214150906,186,5.737860864333319
38,39.608846447854816,5148870.201201799,488,215.7132240918994,247,4.998849708955457
55,12.813816803854074,56723705.38311277,33,305.95105322695406,57,2.8575432181226055
65,2.8687815750278602,84142943.27481622,369,220.9478934697561,125,3.1158059802877505
71,13.552746147399667,97598340.33420871,244,317.6586098007905,243,5.736988401153293
53,6.520000407926033,32656528.631218757,561,240.2774787048764,103,3.613121747821495
24,32.78754305332735,162496091.73114228,592,172.6408206665555,196,5.802958190131622
25,39.702383437890305,63012831.929823056,340,311.9366263172946,67,3.8132750461794687
60,5.215577359520384,157765206.55950955,62,298.6382550003162,52,3.709153798816944
70,14.811378739933586,20807023.901371136,62,337.71646114884584,36,1.7876819431639757
31,28.24305891920514,80341107.29981494,83,234.91145442174877,89,4.437510279366794
40,3.623610027862501,146414574.25343347,540,199.61614491398518,179,4.460676593487859
10,12.828140499978579,142510598.38047507,410,273.7348781492351,196,4.607538294114939
28,36.482244472515205,112197583.41697134,432,175.6973342527115,235,5.190998130487436
63,24.47204908792605,166902418.13087714,34,224.98019503673243,90,5.114349373679391
40,19.729268323840177,175944654.90931335,70,238.46310919984296,138,4.971411409065518
21,24.669753592486312,102466730.4910328,277,212.47992827506158,244,4.534030256282464
23,22.74990233794686,181564714.66672516,536,166.239288759028,58,6.6649516149356645
60,15.186209745342103,136488017.9098129,62,149.6699866110631,41,4.5540267112325985
64,43.3105750183077,143521732.7166826,492,239.81583562960355,212,8.038185994639825
37,7.625635203088631,82723523.51007801,29,163.03864616822014,218,1.55008748056532
35,47.26405422496251,117047310.35345079,499,238.30356549288786,220,7.152109901225939
14,10.568484275112176,188683100.41637543,88,165.4365610225761,252,5.103663260112559
47,23.920666584414597,99044310.82193084,311,199.43560064349833,131,4.1740962183155474
17,45.61050856649534,102043839.57613564,512,133.25738483804795,40,5.959470960172834
8,6.445620346236215,98497791.14018354,181,190.04994987727466,252,2.7400308613874436
68,45.79972788564621,155595057.4798863,480,278.99505927595084,206,7.636794324427557
48,46.681558256669085,86046543.52232154,544,251.38569303226961,142,5.678137152542289
26,10.32225917679835,28732098.16572355,493,192.5012763679107,116,2.583281868588482
41,15.120626195222588,61221105.14890502,62,243.97704377005408,102,2.6176324512825833
26,6.33812649726458,191703110.31043875,320,166.1994701113375,128,5.40053028450772
45,21.729311901760315,77876791.11478828,561,160.30664237984604,40,4.750005951897933
19,34.146059077701615,196751518.22282657,404,306.1338934975755,141,6.258505853498951
17,32.60021514236354,101631157.48693523,224,135.28197735265334,229,4.790119759913019
36,16.42652048763006,40762404.2091186,204,291.4425184734794,45,1.8489627037586367
71,46.91029793517514,49643622.50472468,466,260.89554528438026,210,5.995816201534028
43,11.09309915555383,134423056.4439863,304,174.80795635844294,164,4.706357046178411
17,41.86689454668501,143432074.82653794,22,224.84749374206007,101,5.589602898051666
14,25.737754822367613,162823421.2135361,94,209.1667968082916,70,4.705541412533297
25,1.6250054681152142,14862811.472019393,529,288.0452929322498,91,1.800037722817309
62,44.28013970811091,156354554.562043,333,331.30169758763293,138,7.467626916197118
36,44.522857663789026,126826740.29566857,29,213.32585687769642,158,5.601078711999117
52,45.989940680631896,186039585.24054182,110,214.09790884819137,60,6.861250505863164
19,30.19355585025431,14653967.92734286,144,141.89633541279568,83,3.6159676416404714
11,18.063587212851413,17657819.46030614,207,234.82448891150523,26,1.395455797389699
43,21.371047348863414,158042320.08528608,464,152.95045159598368,242,6.084799841653006
42,14.296107172642103,68356839.10564451,166,199.19930146877758,105,3.494991879144855
32,15.251749127911541,17783905.243421987,442,265.63068462986104,74,3.8113752401116465
17,21.38988086041298,188205882.68133035,301,232.52596731277376,235,5.242809958103406
48,42.99896855089362,23990572.292073216,498,242.35185676226945,118,5.7311356208392095
38,12.908117539699361,76404248.42417231,206,240.6202821065919,59,4.325054620326643
23,27.652440084880404,168634513.39209235,390,220.4065285226244,8,6.3992540967026645
6,39.91354112432964,40389223.85797072,121,189.2231809818549,54,4.160759702808666
7,40.10616396972169,153975417.34006983,332,335.17311967752016,1,4.996012563369569
52,26.69284799384298,125410776.91511518,515,268.1730578624408,106,6.044397756277738
43,11.811184824286979,3718192.064198962,531,266.6500814319055,5,3.1647652853229107
53,11.752121114180774,77790265.43047467,523,277.72163829315423,216,4.447352562156092
48,39.355099514071945,62354167.296256304,549,257.2608930958984,155,6.5012783161971495
14,3.471807635907044,27005899.999850098,401,243.841073040188,162,2.4787439721092968
27,7.319425125549874,121670494.99675718,522,337.5318514147166,188,5.153062306025973
42,39.77549883001313,156904847.38129467,127,340.49267040970983,39,5.200410596782462
67,24.675003810780975,33143641.00338271,376,318.4093347853884,87,3.8441410562342337
33,9.850266217298183,84114635.64070763,455,284.2691204311873,196,3.4756836870282934
68,0.9662945562698212,20343957.706455637,474,231.8923066223891,198,3.9891889651682306
35,30.529247539805862,70125630.89993514,315,167.40111013787256,234,2.94309841060859
36,23.88823211812386,169506676.16196954,206,147.0992161838248,212,4.535165743431679
60,31.891888171551166,34888877.89090602,377,336.6185206346662,239,4.042876353389826
49,28.643771724690552,154707070.10591647,511,282.66935552198703,237,7.059905941226341
23,36.21549036853834,152331718.04615235,597,187.07254761443767,255,7.069786988265124
35,6.655065529365248,179612513.82871646,116,125.00628843703396,3,5.301211490474386
34,41.01593719974272,17675941.65586865,77,324.5249591673112,33,4.389736142520355
35,15.161394204283951,43849022.96341484,526,308.00727936614436,201,3.971937707535738
51,4.2418921887932655,178648233.4325574,471,197.4357388588507,191,4.209749588950576
70,6.660220567458896,21930173.529885855,583,228.3830838015438,77,2.9807621646325138
44,11.710943709566907,76878422.37200765,323,343.26149017469334,156,3.6590327815027215
58,9.171982460762413,92950849.44510297,110,300.89492179663335,193,3.3820913761516405
43,10.266491805315432,74356864.40084562,189,143.67080641141288,56,2.78072274278414
9,17.92608549121061,114072464.62174867,280,261.21471726559173,232,4.570741355825215
41,35.70188512138823,22718967.278786406,588,267.4953900992869,209,6.192387834197309
60,45.428044635012775,88858128.36244655,325,237.40912845192406,171,6.264068455427946
49,47.35367348184276,77840868.31349874,398,275.30408721690276,103,5.446731857474177
17,32.905367585929724,75136137.83537954,558,252.82057269541178,4,3.853547599368601
69,3.3127126824680397,43341922.09448455,423,180.49560092181687,16,4.144199828846601
49,10.49890741470603,118031683.60434848,138,177.74745740165122,5,3.174165572936932
19,24.941333520504013,18246973.7783593,401,216.76696766604226,151,4.07079090470212
63,10.429751010394506,30629987.96916667,69,228.08385148619925,44,3.1178492486262464
9,29.43280100804871,164201284.43641865,189,242.7547905601803,231,5.590155411056468
26,42.71407001669245,16531711.541592164,334,193.44206951200056,147,3.7798423915122683
34,20.639653396490626,135811712.16659403,138,202.13369959412205,210,4.564977270563633
58,9.423037538869513,182301240.08995673,469,160.52415967519374,90,5.534722020727448
47,11.5167438172169,151683861.14572263,121,147.70596432252017,86,4.27265954221498
30,2.495773938094757,26131590.735586476,582,326.05245756508555,160,3.1921022184818857
72,19.98901529180202,38860000.6129587,504,251.0627975634875,204,4.997675240193491
45,32.60763412996826,68933745.45037055,585,189.96113205672418,87,5.530419779656272
54,12.803937732659444,25067588.844166454,337,236.1483462657606,162,2.8884500852627086
22,5.472007363335083,188311837.70114326,127,232.97238196843807,198,4.130247288942593
60,38.617486934034424,132578175.42030583,239,148.93406624741047,78,6.202718460746379
36,5.107843521613817,80515622.90139103,351,154.93216056606306,86,2.961785552593006
26,37.893387538781674,126308897.89862745,50,239.29631427778344,16,5.050414624215204
7,39.070167202378,28549423.252914593,562,149.73230052518312,231,4.31178821549701
37,19.22916508389179,69355103.68748924,234,149.84341298448462,99,2.9256561554733906
39,6.285520926712325,93070397.61373723,475,281.7608687402639,94,3.7129554093495107
9,24.54461603281256,62652475.601623766,456,319.5003922977463,228,3.6726104953145997
62,32.95591568220797,40631101.83292134,480,126.3144540269105,222,5.541403940349842
34,40.981068581440475,188812143.55759165,62,290.76579172148183,60,6.564327387870706
49,24.981933317248625,163162269.3449596,19,235.21161527036367,117,4.424643631309071
23,6.413653151242576,149004783.2027586,40,131.5850297253236,170,4.114975882095073
20,28.684955913896324,122281644.89308545,282,274.1562477489465,32,5.342681543852337
9,4.1930270430866035,103872571.43680972,260,147.71137203100542,126,3.0416539425448343
10,2.3391253022769787,49720126.80151196,533,178.6910387217568,208,2.7607452618688924
65,13.48505488458602,147920068.3559645,539,149.16506630880173,157,5.614751883008471
47,23.61768469498651,30991034.66313905,364,342.09012820127543,240,3.4636307048132036
41,23.21580665667263,29328422.265762467,71,139.6560367378597,233,3.5900723438107685
54,12.691644215004663,111310098.50530107,198,130.08350416441885,55,3.939166285277085
8,46.36974996542698,60005066.482870415,521,234.90832896446227,49,5.740300700884967
50,35.43106440240664,39752331.656825826,273,345.4104101045134,26,5.716999677805331
35,14.822760896966413,154775407.799385,167,145.77702333049945,254,4.618236450475386
71,23.196044740332738,198547271.10450196,568,261.1487265123882,58,7.090896471221861
68,35.163505644645014,83106464.25467366,125,316.241601205669,54,6.019168854459737
45,47.92778383258901,96198951.66860616,419,153.56462576604457,246,7.041120317811961
28,47.480241227936304,9243704.8304805,335,227.71538769667254,55,4.1425342194191215
62,33.90064691693194,164316686.27934012,356,331.9341861356379,109,5.891080707950656
31,41.1840901603639,32217313.22869707,152,319.84881664826014,150,4.748059941277683
8,27.323711995731134,45065104.69987969,63,196.5107340646988,24,2.2252025128896675
67,8.249934033659581,34473530.97724217,270,149.96956893024688,129,3.206301274114857
9,22.007603223200043,72515705.25026862,156,212.6224570638298,234,2.5885081375833274
59,30.922715175573842,111973982.86842306,591,136.70867481284034,210,5.77251268036854
24,17.973204438717623,172927124.31243628,217,306.11828340841623,4,4.558935296493369
69,9.234262610984707,10087112.665803233,291,223.20666169157107,51,3.0009044066043793
10,27.75779265185194,21862809.48115244,110,150.26401785070686,247,2.2861925127421054
72,33.77790491979341,190094821.8202234,249,201.75192985295703,143,6.256921584791251
35,41.65474720824039,13662320.28595559,114,342.03096173836866,122,4.257411011943458
15,2.441448244255671,169360038.21994975,466,228.97134449649042,116,4.7018462176741
34,3.972981283734587,121989003.10877559,156,132.6795537060717,176,2.7497667140688526
26,28.492693346961456,113182601.56679405,440,140.65019671487525,66,4.3464250972650476
53,30.656078026690032,80705405.65689285,92,309.5144276900783,166,5.0553659602222005
35,24.711323725259504,21239869.70572831,511,219.0661696344398,128,4.752949808761611
60,46.36451104750653,35187024.520558074,508,213.3489167641545,120,5.470579186546383
20,30.783865445630934,64209039.824592166,276,302.58279422959845,91,3.8420951155476435
15,24.496464039391025,98406293.47514004,228,141.69672154499438,205,4.884608923385217
45,12.02617115895244,36202946.74314769,416,195.910405399522,251,3.341302817475795
63,29.927730319788928,31880603.99822436,294,202.84603882859832,52,4.82362692900198
4,42.5402770425712,153324655.59169614,468,343.76758244219195,246,8.002188924772717
24,32.561367528138454,161444932.83539197,587,179.73537622520865,225,7.086027340973532
66,42.70017840950945,46565257.79519509,166,277.4289805802582,157,4.635807358098838
38,13.32638565167554,194931849.58960918,453,143.89187573747554,108,5.2830187936966295
7,16.98422217646873,127277108.65370582,46,159.95564325737394,88,3.741529831166244
47,35.41248162631051,6380892.232662293,92,325.92898352517494,4,4.11943944600196
10,7.869960790565725,132419079.9336114,573,172.1570238676536,69,4.44327409770724
45,43.08072230411777,79483064.57155792,362,270.3696417214854,157,5.410157314821966
17,15.974118906409569,101241545.34721288,497,177.87452614135725,241,4.605303323415131
29,6.999930663363309,16965184.015111633,159,220.45926080586588,237,1.5230007249671904
12,24.97881636960062,75128363.51351146,92,182.34240532941698,34,2.969601827449826
63,23.97719288321062,137213535.70099765,29,228.70450624622657,82,4.851295700097703
44,1.2793570264990113,8581554.239420848,453,146.4251848337078,240,1.8672511273408388
38,15.170172095542698,46848750.308771744,41,162.62361113387146,49,2.978218342562666
37,23.78891430070894,13691988.427445184,471,262.2648689739786,49,3.6929403842641766
24,7.701205603174931,189556765.77566546,125,278.9089904731221,106,5.290608093129908
66,35.8412187797576,75420833.0217952,389,178.2619943477105,72,4.875101788220154
17,27.045186839595388,8386033.426850087,269,340.1978927868817,138,2.5388959818647567
35,28.46460514638531,140738531.49845526,221,224.16572682121148,214,5.137664297137396
60,22.730742356212257,165662952.06787556,444,161.4737685996998,206,7.466203396124886
35,33.57919644889709,27475954.031722125,53,314.6544937439514,1,3.586952225467926
68,44.842659226339414,167642101.9835166,80,226.70341883022,168,6.240286301864387
45,31.948573230559916,21892235.816945285,83,180.87350110571313,144,2.6523244831827775
46,11.687303290782467,134027204.00090235,88,195.05271528234266,37,2.8466934382833236
36,29.254315203389535,103240351.68398616,74,171.09631135500518,46,4.3166537620175935
7,9.274161714748526,184969414.87370694,316,150.60632920244453,250,5.596119228339228
52,35.0801598774693,180528938.69199312,297,231.3798181188936,27,6.86108215617017
62,41.19617109856928,69679620.846474,120,262.74842634175127,250,6.164291661348803
46,7.016616106435878,78518751.62858078,241,348.253077487395,226,3.316973421548392
62,21.261140506421246,27519587.538509138,293,247.23965156037195,108,4.236728828320228
60,11.410546640250491,108801994.69716,444,152.80336820593678,120,6.282611799924133
60,1.1008420213316843,134106977.66961384,57,209.99282169049096,208,2.417165051902902
26,14.523098746314217,106982253.40786363,398,314.2672122388715,37,4.503685473516362
7,37.573715342254424,1796266.938380768,475,143.42132361818437,75,3.792701388801732
56,25.86066132365785,1701529.5899089477,96,270.2523723960801,249,2.681398665369645
65,23.673422571328004,6079623.451018653,183,247.17815376694023,230,3.8621666913817627
47,21.600499425094352,17749998.740885224,52,213.29815331981854,121,3.2565271608853927
38,29.256209562452813,54283879.61283862,519,302.571753862146,90,3.5743610973845223
4,45.08426809030893,40492861.709562376,147,141.1471159640218,168,3.3617097666919373
18,39.51532329801101,31050771.526641406,518,123.98880562091205,130,4.597978780667425
57,1.9993456025327856,134244613.76150954,79,191.21051859740228,219,4.246035148789713
49,9.240002117938037,75936971.40724441,142,253.26609619065889,112,3.277140137218573
60,19.62695798731342,56427655.03457418,337,341.12909652860685,225,4.274481007923501
21,1.5513168410216096,41180753.23753575,47,329.03258170439545,23,0.5098630062662997
39,34.57707631104886,191829502.4048425,121,183.75073498160486,152,7.306745656234584
26,47.74055455368114,196348151.61973336,301,123.75455837355808,168,7.872211665925154
29,33.36943545705106,26538505.25149346,218,230.47284122851312,110,3.3159349649735734
14,45.96021709387244,23075734.24316064,226,323.77741040800186,247,4.086990630172671
46,4.618607499689488,37684447.31717813,414,337.6385006503291,149,2.9623325824433495
49,2.0003422321274797,52819216.984194346,303,151.64354934158547,220,4.034618999873015
67,39.709144845860656,16172694.63861054,130,224.63087613455025,21,3.6803244634568606
72,13.405801343142526,197323426.02443877,362,258.9133507153051,112,6.724155172485964
25,27.580744416353372,78251762.95064981,78,148.37912998752947,98,2.5724415737934327
57,8.610610703289833,73100862.98875037,166,304.1858493714594,124,3.8514363570850443
5,39.209151146564906,56384447.77924832,72,243.23985203471665,255,2.5398692647327152
35,36.61818960253488,41519538.02787507,458,314.885397345599,192,3.876477077765859
46,38.9162508965499,114016453.84331359,234,284.17481194052834,221,4.904693365321324
6,8.987842655314825,30668358.110278722,40,318.5120138401945,229,0.9892923849548656
47,13.543237907269976,161456258.69672474,494,320.7477200288243,66,4.935511082194372
42,5.650355993873799,33043784.068233814,507,146.6499105835445,87,2.619090089018764
20,29.346646955139462,10497409.271024678,106,217.86790041922728,246,2.2047519376832376
44,27.025301287356097,119656324.2727681,54,250.85540625575536,181,4.613506486713137
20,36.04192167794436,47558962.85025918,315,270.2658436216452,146,4.060303219236685
21,12.190889034717578,39605341.54841783,70,170.31950841275926,212,3.397884658759318
13,26.688432602983028,177639621.52952576,464,306.17885272310207,211,6.425657814418073
24,41.07471839679293,130125905.61827779,458,151.55798165846377,82,6.297192226510344
23,34.10153506071146,162677398.7124912,51,336.76825005034675,192,6.746025562449105
34,13.634333198695211,133647780.41780064,482,155.1612455078327,116,4.50545886755331
13,1.529795189307933,119864750.78632927,554,213.05345926929624,186,4.261657764745543
58,32.38597886687526,141555424.64038292,211,277.91225506963656,31,4.232131951489874
59,13.818508273070806,101879913.66739632,324,190.29159052278203,217,3.317095577747056
63,14.547993886692066,136125732.0194995,260,331.22169764249077,250,5.128168788313538
14,6.717833534560759,195132801.5599097,114,147.77381238703026,12,4.463052238742837
70,18.603688986870505,84728762.66618498,259,128.09328321406485,213,2.992540493325862
64,28.27972880141105,60908543.72191271,416,328.45189647220934,40,4.811191040383731
31,34.68441484924855,168488210.50253847,539,138.4317629899451,168,6.423744112585857
6,34.4707618386754,56840508.604774565,159,189.04246569957178,70,3.5531778741261233
43,1.9229919600444842,170744386.0414015,186,282.23113552781876,226,4.432614792185962
53,12.178064766473419,186765303.6257717,365,165.505615435687,148,5.294973084030029
21,1.36482079680126,74664578.87006499,492,187.50997874908217,167,3.9859067792508744
26,15.137433062179785,158866625.4615773,592,305.03865418981036,102,5.8111392913078115
38,11.903690806447022,185203572.1479326,459,208.76900528489148,95,6.327204141536461
44,24.771104322563883,120813091.66271417,249,348.03448717663764,68,4.315395146797699
14,22.749385943489813,34580442.56371453,285,204.26523131366176,137,2.6771166021648574
62,18.14543906888621,117241654.48962171,503,335.59021845686704,95,5.156496185378742
33,23.681453052832808,118114146.14086746,457,186.04265521389055,149,5.005594424715407
44,7.834334284036663,154839669.52521756,377,152.82601737142397,71,4.236721006337842
36,27.205942506467473,76681346.74241985,331,166.4208547862082,57,4.725207645483982
15,17.564950200730383,108909804.28979227,71,247.774886483128,223,3.5645578690630835
26,5.265346397167594,79209085.19461791,564,267.8337824792544,230,2.6231176233518836
49,9.595853797112483,6255660.23214397,304,337.424627071821,17,2.574718271245487
72,21.361217863768328,160923601.53267345,526,283.4692492854995,51,6.550252136791223
24,43.32087231927399,105586132.5587902,54,294.5877828036398,181,4.215760845634084
62,36.62555880602318,152036544.75732598,95,314.76558018598826,211,6.7385790160627295
55,24.724930196265397,126684094.68866733,468,166.47069622436345,118,5.829712929368642
68,23.940270674836874,59444310.566109665,128,314.9640969008202,202,3.512338747558757
36,29.801583787849918,177428984.32225654,32,179.50551451672476,243,4.6626983530440524
8,28.87683841196352,146267716.24947438,242,347.8642673305698,243,5.140017963610775
36,1.7436000280404085,82473577.02087963,595,218.89704480477448,82,4.422091208952692
32,1.1768753933379066,126143782.38054521,35,140.53185644350785,227,1.8060985490798223
4,15.585652636897347,143874166.6209392,174,296.0990770107542,62,4.0065631207268275
64,3.2779025536927833,28295534.15725756,543,195.77972081829995,210,3.546081893708079
24,41.758820269620706,65103565.88195315,131,215.25520347603162,207,4.536446675506032
35,34.36976900743228,76173558.26894559,461,305.3615263001583,40,5.354380978651744
72,16.71859742083872,187587710.71693578,374,136.0308841945359,62,6.946785651221727
57,17.79735292884491,167596899.72934332,491,258.16703766386365,122,5.694163040106044
37,11.272128007225637,196206529.17751142,468,292.9006899870767,138,4.084387438085258
50,10.783984755216732,60021230.89230076,244,327.74617791206754,149,3.584807127587823
50,46.85119604141681,100660077.58854517,94,278.2643336893118,31,5.370425373278155
45,41.497794544244634,93605400.2859469,234,302.8865984035353,242,6.04857554018544
54,9.698131539328857,1054661.0667542391,498,255.45468624625528,132,3.72915546128797
62,24.429127111772832,91585056.84548204,369,339.63239640929896,16,5.562970104852517
24,42.78498916254404,133920441.80965206,599,193.2973077518311,120,7.035682970362623
22,33.667164579335584,111863966.88449487,511,195.93828457021303,77,3.9802062122857045
5,22.87461269101283,43515834.74256184,345,326.8322731250307,80,2.4817296951596077
64,6.038059901853762,165804172.68126228,240,277.04145186632167,106,5.333660347182067
25,20.84979850403278,49262724.84856603,579,162.60185383424331,157,4.037751474229991
17,32.40754137084322,117631423.25151302,350,280.094225441682,40,4.191716844250145
56,47.76825893373244,195235654.1540137,217,318.1129392768743,200,5.754648724854828
23,24.0270701540774,59502995.556268506,176,260.0058554061468,10,3.504753212532479
24,34.40256315147866,127944624.24651173,570,131.55873090869787,31,5.195269140532976
60,20.53904157784048,171004225.3510387,198,240.03523223776216,227,6.216640163405781
70,32.708615384350836,102090930.42396863,123,185.82309083790045,163,6.407377521015951
65,10.498674011961196,134764435.29805806,186,192.03696203423107,91,5.094581241866786
57,17.043678139298162,142308779.7711227,69,322.2591632232003,180,5.518601559159631
66,19.04905705664166,129050653.06442264,540,208.21026919526656,249,5.97231094485876
55,4.759669674980874,175660548.77837667,13,181.9149006853117,122,4.3008666833056495
36,18.652550023559517,104521987.80715041,251,159.18710892783002,120,3.7115812577153644
37,13.984789337673343,128382289.26227821,449,316.9445371671197,50,3.9835286468539923
8,28.542923687663194,128524773.35109228,414,236.61179906635368,97,5.761556787572329
51,10.386108505878584,7875502.740262169,416,266.6934197252989,90,1.6346994883325383
58,31.938192330977145,117894474.482018,267,277.9942946265776,219,5.578388618343529
37,43.35900068086545,139407507.37930527,260,290.5524211139109,63,6.942110211518349
27,16.732173476237804,185963632.10320866,382,195.04678108821366,169,6.327942940093232
55,45.57709917316322,42892725.28592075,180,137.89126408137733,178,6.026398192666488
35,8.652077821408492,145504564.5206262,393,198.1644039936333,80,4.8713213722753705
28,16.727219416330474,179036998.5163186,101,253.89234168315525,172,4.730703915271461
57,19.960660058461244,164642886.63279486,203,310.55966492509503,125,6.91930435760089
40,38.92334477048389,120911138.58468944,242,227.0828033067545,239,6.3297838837940255
33,22.76258428910202,159958393.14211583,433,343.61308292033743,118,6.320563497453198
23,14.470634198037075,151362163.46566647,411,167.11591017785202,182,4.24825972244568
45,41.383683094657535,1886526.0834831037,292,248.2805405228208,80,3.4146736428506066
29,26.22853417153026,74037829.8748601,227,173.14119769541026,3,3.755553802309214
50,11.047651943894634,45517769.55198092,514,144.21262081000822,203,3.339262776298467
44,20.658537565660808,166289586.34183937,61,234.11597505915944,125,5.264181465194971
70,5.472784837821063,71982227.67869025,325,342.32282301266525,118,3.7425744048694662
26,24.192269518298875,84029793.93378185,364,219.3591120651388,201,4.651482409980858
8,21.563455733564822,198271606.03453133,492,127.31429811790004,248,5.660000616167356
66,1.7865243843866205,191316381.2840262,428,248.6161905482538,141,6.761455142103331
63,5.967854331136675,100815733.30741943,381,218.35662694668133,47,4.669193333949511
31,33.853265552689706,183399931.40870228,164,268.2507136550513,109,5.540812789577529
6,7.654629701695812,32415668.143751934,157,196.76500404560383,223,0.9072368944556609
18,46.572382302179534,6229651.541367495,182,154.62246966815056,230,3.454110741543008
56,7.226305964923485,158531933.5944577,83,252.34116987657407,236,5.141927802792812
22,25.492935811864932,77717467.70059232,130,131.41833449619375,144,3.936766859797943
67,32.649777630038635,10188737.634406,342,296.2046107835171,203,5.001598535988132
46,39.20857823922874,143265236.5187455,36,347.39704248113384,26,5.9288259999066915
22,11.630491553293071,57934956.05331219,102,206.7609429538657,19,2.226151862754319
56,35.95145995390142,48334197.65690067,349,250.29458268917543,188,6.287004720012711
55,22.534112606753016,12246795.420394076,447,269.5402318504533,20,3.778151454510356
40,11.829704911305774,67938965.37487823,556,257.63231196841775,199,5.0177563924715525
51,35.31769457248284,159369760.8326282,134,267.0659869023442,174,5.622106920156748
68,5.923468706967272,58494843.592214726,28,255.92644551525663,187,1.0164328783969507
56,10.468792628655072,173527546.26235014,233,220.9440425352266,116,4.905974235545421
36,22.08854818004053,101215143.18219101,395,131.52209654374198,29,4.396400445548835
38,32.02401643718001,193009825.89935136,289,308.15960796453146,241,7.484197093915768
52,46.83645256004353,128144681.30755423,328,339.59059885733,103,7.078813744673071
30,27.93166968464756,7883434.512905679,282,258.81470243544175,77,2.93165499307196
23,31.22708564173439,139942002.90401718,36,195.12708839458804,196,4.966897822444333
36,31.894007326375657,155182797.38415566,467,219.56632410992768,224,7.248714223574678
41,14.419171144863336,24127784.091823675,40,236.10719486392287,135,1.6672185803995765
48,38.09839746035462,158141371.33733204,488,173.13953058309647,30,6.976237165952195
35,11.127961716924975,163795554.7430668,379,225.98987051163078,180,4.591583577333745
39,44.5416765273929,157492998.7242209,375,333.9496672855795,231,6.965559984300003
5,21.682518357547668,27964634.128893394,155,158.048495568282,97,3.520466324301679
54,18.934788619626552,181562050.77767783,45,347.01773602467915,23,5.28565301253997
4,36.15235363629634,14459663.89933954,388,255.6327753554297,166,2.417664440616565
38,33.79641602504631,179768430.7350145,121,240.92032417437503,147,5.400072997265455
19,31.987711298668007,61071706.48936939,598,209.6748689466196,134,5.2739233243100925
19,39.10544783674947,89059645.71298525,160,142.22004739335847,247,4.225217894808361
54,6.894803227110978,13138682.717269635,535,128.88477060596426,141,3.0540089200039056
59,30.558792805585156,65680419.355130196,195,342.39315861319074,123,4.021506205303998
12,42.67119582900821,166479523.40228504,60,274.3887679425301,206,6.083137876720454
66,26.368855372553654,6991734.841236904,82,132.24547120143788,247,4.236743819615256
34,1.4241622314686884,106785294.95053864,310,135.4143543034521,219,2.754071100263107
22,43.548313169744475,179812099.28172374,194,347.328750096598,241,6.511659684028836
48,24.3780590689581,26779788.084814142,471,166.6381860237596,30,3.610198028936244
56,0.6581658454377057,23317234.76272362,176,209.88113680161578,63,0.804063851195596
39,29.119455384418426,178360304.1288492,59,318.9758334737039,51,6.814663303007417
63,38.658542977985014,10122933.890743714,82,220.4903325773775,24,3.5626095506358917
13,46.99766955278574,114746894.6479225,544,290.35545292139483,60,6.281316776330553
70,43.700644319493854,188084318.33549026,427,217.19687439056787,236,7.830067781018879
45,28.114651339402247,18759667.236796003,438,252.38754285530447,115,4.993577807866189
47,32.28514940281366,147702989.86735213,222,233.78379747908474,12,6.166250293344381
54,31.33927765431731,45535796.657130115,233,345.1585079491675,15,4.479076325651311
27,7.0221755290289725,78915192.75061601,531,310.62080480890745,118,3.6207780415307216
53,12.058966347957563,171191300.4552136,344,322.8159546055741,250,5.544914493671466
54,25.35707786697837,53599398.365113646,111,159.76517625704895,122,3.337142314340051
4,9.681866707274573,139385953.46566665,142,229.43243752326293,26,3.1276772687818366
23,3.0904155147414736,64280450.66531806,151,176.6342029674108,205,2.201335612940849
36,16.200430035965088,71170935.97602691,535,144.20318346799928,37,4.324251587999591
10,40.67544415030689,166223099.0925395,522,137.59057718082306,140,6.718593638569352
5,17.01179852597288,102247078.61798929,221,324.3935462693655,112,1.9158291633135716
35,41.804652998986704,135168423.65745044,119,286.5961049871415,7,4.125183311488237
59,19.358631350068745,77772941.72444099,439,328.54035374289015,120,4.287963118687898
69,11.496797219311294,12273141.215544887,529,341.0961031334596,17,4.338627232397053
54,13.248042987840416,128509479.7748154,565,259.7553844251107,90,6.002930241575859
20,33.80626278603748,74826011.17313775,71,283.97031591777557,64,4.735648264100903
57,7.6607923329082865,84766480.85032658,398,157.31668980292423,89,3.816725693574934
52,13.548689418326294,141860321.9840993,545,128.49089391601572,163,4.867146979225186
64,31.089009659699236,87657758.57357022,373,304.95431437122636,222,4.897622756052907
31,15.182224527110277,22066985.29884761,591,203.29444832264574,9,4.837112910249766
4,18.042729817955628,92295398.21110107,122,205.79828463219087,89,3.915081054949475
37,18.804451224547794,141896928.43341458,107,296.73555929145516,70,4.331906273454663
9,34.41965758583787,56710241.404119834,30,156.9051855589305,190,1.7573691232380448
54,23.73165891245853,84157734.31820117,118,338.1246886459479,189,4.2729981864774444
23,42.54252525711185,132666368.1262867,354,342.9871498663223,135,6.434938662152025
50,44.51070506883481,114926474.18975715,70,122.33404938603303,62,5.098651861989847
17,46.22417320683677,10189577.075067362,277,255.4684346733413,236,3.2706138466938537
54,14.471022175934392,13851301.590875369,462,235.8577569433928,87,2.271402077724799
6,22.800086270806368,158270083.3198385,248,252.4106901140896,233,5.570589769557326
30,34.969950454094935,98963878.2779553,541,210.73166601476566,53,4.83743859254233
59,42.16127349157239,164602252.9525785,57,309.7298102498062,113,5.877472372009862
65,44.37449140296776,113368304.16999479,440,292.4795827512808,131,6.193279784443176
60,11.769396283328652,96879947.51404677,245,217.1086769856467,37,4.423129454375113
40,10.339609443627017,137216778.00489184,142,332.5527034118267,20,4.838642109969173
57,8.2109387795797,9605744.512207793,23,207.53316420582553,238,2.391488680863548
42,22.910269088738154,133272997.43404345,125,252.3724739949359,10,4.008896000068441
28,26.17053077924906,53063546.271646276,198,174.97111242654856,61,2.6254404603251436
12,2.9730393895498435,179195870.45272258,525,165.3172235879444,202,4.39246144599618
56,31.187793574620095,55591964.32297622,154,304.318365881669,153,4.1706234032883485
4,29.140879979286748,157185136.9432097,428,223.85737507876547,101,5.878955764194626
59,44.90897641172487,79945229.93572713,65,290.84018766218605,97,5.11249144717323
4,42.84393104040193,19350992.838154633,518,334.97735508944993,209,6.798350884054628
66,17.778759361738604,64111256.31310461,190,239.92772528908336,4,3.3273968733592687
8,16.468948170728083,42574252.95351985,269,179.9037975570939,232,2.9030875937649534
38,8.462619673403449,54442162.477303416,511,189.53432872586365,245,3.202758993087494
14,39.45204536980589,30599847.93272378,474,266.35049962547936,160,3.74274518134917
5,36.54965758953182,193060218.53528172,394,237.74601421652125,125,7.188458137101781
53,12.685341819381378,164205345.9040353,101,293.12631694800336,19,4.352615608262632
45,41.227180143414934,119809901.01703541,85,206.21388910624486,246,6.106831474334808
53,14.037407521546145,1964935.2745713112,299,257.0355587406392,31,2.1638343239288482
31,26.184457597265602,181147725.52127588,252,155.31619321258611,205,4.6835961869633085
62,30.16065415216778,98577575.63565692,110,259.3523514472601,34,6.277770836312723
19,35.89777235783298,136412453.35039908,384,319.3847263169213,244,5.558647969828091
71,38.38062003556154,43990083.827231444,401,242.95936399087887,2,3.8887295401880326
40,40.19597249541385,194667386.66922083,436,245.46392698444507,32,8.810166919770356
5,1.7170789272591345,74591415.95233704,169,296.90412572635216,58,1.3823492829789523
68,43.212199800380795,110589033.54307513,554,204.05205299198394,200,7.347591343413822
37,23.706577181066294,68165337.4049219,418,251.64856482353747,102,3.9055757509108076
36,4.0200676829692075,4377795.07423158,107,300.06288186867926,17,1.4560568007105836
35,3.9718332845668782,39989454.22709051,136,152.99418722827187,30,1.5822397533755386
16,4.551480009308406,155467623.91766012,199,227.69620681842713,92,3.0719285955862414
56,14.97038654417658,19354232.16164219,507,263.87375193089224,118,3.4259086164972468
24,7.7456845246317965,80734082.77377002,330,204.22945951931723,146,3.7215718314552566
14,18.72370345219925,123320885.93259259,582,160.7909213524352,193,4.652907549346981
30,34.42027045537714,176521917.5121163,571,291.9503538906928,32,6.622552266750525
68,23.19442474400523,106543374.640884,123,337.756504865097,227,4.374388382552994
37,23.425838370228668,101149727.03900696,320,325.60785873433656,243,4.314497419382183
60,31.738227158922893,39667858.41146105,192,160.79046451659937,71,5.133562695090271
19,4.072328700370191,62395629.443380564,325,214.80213835410217,208,2.4398255656267263
12,45.22323240471121,110418375.53482357,72,331.8027502623517,15,4.047272738297865
42,22.634953667904856,73638900.12458345,461,168.8388590944212,194,4.150704083881233
39,24.5438176810046,24807358.804117624,496,301.3991397065057,238,2.9981233362853326
7,42.02984780823109,88566936.11499345,175,314.30689551147015,104,5.458026483989985
64,42.581053385121166,157975532.27445555,451,164.33916616468318,111,7.059110211093803
37,31.99612203676057,75922683.13775927,191,263.6189038191404,139,4.445198623212259
10,27.7400276213658,66171945.49982228,479,312.7650374048306,213,4.100710485747708
13,45.101654835857794,53243881.62782754,170,218.14587453654173,150,5.444114491277672
48,16.62491872343911,117508769.78345011,130,235.4135100569776,40,2.8951483524603168
25,7.191354175289105,119025411.15855305,462,296.2636930604084,46,4.8212932964330255
20,46.60232253947916,130201170.28506975,556,319.90515901044307,32,7.140277127510419
36,47.08084435600849,168875519.52206364,287,204.21498970130654,96,6.389758616546801
28,25.82669703019967,186895633.3403126,582,249.0630505409572,175,5.555733069543045
46,16.559649731108472,126623554.81040746,567,321.2567591936464,113,4.849461124968992
63,30.064917628977067,114323308.29094286,105,304.1628176080837,41,5.402729633314979
40,10.109752725759556,182312378.9911003,126,152.73757542826644,138,4.497880690823544
62,42.819069145936965,37935123.57142162,309,276.62889093414327,251,5.262382631354645
56,1.1141464751050387,114340889.30430754,293,272.0092295760071,2,3.7312789730497413
32,10.480211059664231,135263040.64036873,574,319.91198329211846,223,4.32066400035282
57,30.729825165642644,185105215.43260404,7,217.0150315398732,30,5.481352355693279
39,24.659597037035248,131817239.18857908,351,225.45415541026168,2,5.682537707006622
9,40.305092304831376,43919194.74557366,544,304.93025505775046,8,6.072569222572998
38,9.56651369713886,7704512.788941778,53,219.77786397395343,132,1.4482285859263597
18,3.779713930949643,150541907.9930622,27,315.19716998184924,151,1.9374619480102506
63,9.696268510439879,85329151.64487287,474,181.19426660783563,207,4.601845703888726
34,7.467763650134501,22786103.522899296,233,259.38314287292735,177,1.8386279083885015
35,35.21761525116773,36625537.44466428,174,168.61587614302982,209,3.9533057602381376
43,41.27294137608009,114700190.55584885,434,273.69466313804526,232,5.680404149302984
68,31.10781488883681,34398731.52503819,78,145.0355400653544,198,3.8588691622426685
4,39.899641362697025,128065585.86984979,545,200.73017298296918,141,5.656851417927051
34,0.7210499333269713,173102184.7951,417,120.54385299729317,175,4.485786804384501
8,13.381935482590064,62891870.96396138,374,128.59673400741477,193,4.489845458754501
23,27.08831076744401,56171012.28713066,46,318.218237712068,19,3.5457923474694244
33,14.572418365645808,30084943.520432163,214,259.9827383836829,238,2.874982102191875
53,38.51409726204276,70128552.00712663,258,131.33527675824038,46,4.359973386138539
54,39.57634881385509,39745480.59484096,517,332.04158859535937,142,5.72112135916483
16,11.059029681680798,159479309.29298127,489,240.7827958304381,44,4.740858973909456
32,36.43954383448397,102429327.52571644,265,137.5330369558161,195,5.451653245578035
57,15.844750150227686,3239425.718183053,85,219.7528310852289,73,2.309206711974878
62,47.41547417757174,65779993.73315627,421,264.59776387214185,170,5.4581153247663
67,30.768764106893865,49883151.68172528,549,312.2528052115216,110,5.791352095726381
68,46.85931226046757,135877839.76477897,464,212.51426202524414,12,7.373472503626333
65,22.118328054951995,13153692.18033461,415,296.2665454992448,89,3.403532737171016
38,15.892947780671818,69537399.08789067,148,297.2846275913781,117,2.650866407392864
51,14.927750553598282,148574203.96906394,52,212.70977251222718,107,2.5285741059772673
51,11.43198794404997,129891285.28829445,403,308.1053414346635,98,4.080393725096666
45,37.175750409905845,164882351.55222312,561,307.0201528483053,91,6.2179384461481515
11,11.513085310540946,82481575.33872986,384,289.0124855106602,14,1.7512989541756625
69,1.3774233689716793,151676393.10732085,208,178.82169745950412,38,3.710443648014331
62,39.02071285644644,64569065.2320324,64,322.33416814040737,167,5.099300104105822
37,19.476246419280486,62137851.69570208,162,309.96692158472206,55,3.1651053314155453
42,44.24947502017591,87047944.02220398,556,238.08271911252604,207,6.381349054117427
25,24.033047997932467,91272436.17624575,590,314.02756931044036,198,6.006627653376112
58,14.73748260805173,1982684.638367072,302,299.1600263290977,75,2.80164459567351
57,6.978014427025106,94673786.57678992,596,178.0810070607722,127,4.263534791023096
25,27.347886257122695,145124743.38481277,191,169.360214281176,167,4.776240363579899
57,27.0511077570206,63189683.3579632,594,125.94130200315084,7,5.981485306194905
24,8.295785092615883,35091445.07412319,186,208.17064822640236,226,1.809168987701285
59,2.296281077225027,135469394.14173603,436,208.71382406072337,228,5.256086269884561
70,18.10316315015902,180015261.4767298,280,176.7990286019058,172,6.984298874765735
24,25.489266416944556,85064517.03259018,31,151.34004633610863,59,2.7658107703448693
28,23.3664903291486,116258029.50587092,161,348.3960330321976,192,5.584039765870219
63,27.586854408761024,198408521.0023529,93,237.9346243005886,165,6.214824813547745
54,21.737779594825447,90689771.1548853,165,348.13424946987584,109,4.831723862570745
61,9.508509049332583,25095241.876976456,16,307.0642873729407,225,1.615431588911234
37,1.1951762017618976,61914340.88706519,549,190.1133383484487,36,2.2860669938456106
54,17.027038802746272,64468765.67542164,461,132.96845728955662,8,3.665490219470039
44,20.582628393633236,18614123.62990093,142,219.86055661470397,27,2.460392393965412
63,15.388716397487078,23572518.725463513,12,311.29061449832966,27,2.427527254750409
31,9.997268108469616,22205114.735891383,497,195.38267500259911,98,3.525148024706866
36,40.23929479037547,33053578.32654588,347,239.7707732396807,1,4.498089320550811
53,15.359923742508785,95523531.95820384,420,344.70037431407866,229,5.050406235413092
17,7.164942698814971,125417854.6512409,233,260.0799122589117,68,1.6838074371722436
46,40.996882268878835,33620847.04225506,161,195.07205499021194,19,4.263029104256385
37,39.789310830068985,13477220.110262517,480,280.5352327547914,79,3.8942103126601766
67,18.574315141064545,12492531.890082536,475,262.52449023415096,232,3.2312226511942694
49,41.59190205664495,152693963.38857585,197,247.97708973625316,85,7.372164710388027
11,0.6715884158450056,101221898.58398964,172,166.21029850713182,95,3.269351314959982
56,27.08236601855438,197594538.93255442,143,169.76529975141733,62,7.09559624426401
57,19.120045277221244,196970089.38955328,66,120.92334023711773,161,5.377576961200015
8,15.061750935550089,19453956.49922877,217,151.45118032035592,45,0.5679794907856821
8,33.91787475265827,17866894.179829717,574,281.98649222177426,189,4.318646062181067
56,7.647963209677665,151445459.51904297,308,218.33400876994708,252,4.864636780249404
27,29.51386521884243,154633791.49948722,165,214.54859612737917,67,4.586187062292997
49,4.974098874247971,194026267.46257728,161,201.73821175598835,124,4.270818897588436
49,3.468884012332974,56684504.390121564,553,188.78891756572335,219,5.425384267824997
56,6.303710296835249,198520614.7479233,35,348.1792725439026,165,4.909750182421169
65,29.767126694846883,150299505.06639028,178,192.53880622143072,127,6.018209940446225
11,10.528771336771992,28213279.56474568,350,251.35720594782907,96,1.2121204222947497
46,24.727814157138067,76411513.28431228,233,216.05822069166777,37,3.554253919347895
12,45.8969506634001,108706318.33446404,123,254.79750389437072,76,5.173713707661241
29,9.384630595200527,126612247.09397852,374,227.87812858032765,14,4.25301573826328
56,1.9307787463174535,168310024.5007559,447,211.6886429435582,79,4.2241612333113085
23,35.589355889105875,70814351.2306884,19,166.90406517682192,168,3.9463740022547427
70,6.825154824149697,97135870.74047342,553,323.60845944236735,11,5.721637570619688
53,42.238418707633194,165789159.32552055,456,318.50901167320217,146,7.87511177511602
50,24.24093469376351,142959427.50377643,40,220.88902840995962,66,5.3282820533444255
19,4.5397940742949565,128371394.34744416,388,206.40735245996868,46,2.269318225694112
28,11.116059667598774,161452082.04155985,148,155.1771016761454,134,2.991217916238341
72,37.20200422242576,123475057.60358776,392,327.16808724591283,48,6.158797097779413
48,22.683892203722355,80871805.5226186,442,324.83340928738744,109,5.133813198741322
44,46.76816356070531,165510724.37579858,120,324.1831045108863,200,6.863978198074804
51,20.507988866752004,105069168.30294758,549,347.98733708442103,250,5.967639307715005
41,18.47455486655536,170778791.9473435,511,219.09419107772504,131,5.917582436728195
29,10.691664246659073,112231157.89875667,290,294.4984590782352,92,3.6865112903778123
23,24.378091221224086,9775303.180412617,113,311.94173151234446,138,2.7566919597284
55,2.894671772081718,198625906.0726846,349,123.83297721921356,153,4.5992636996334575
27,46.29293870606199,46882000.304968394,178,342.05365954125193,128,3.972745610660224
19,27.521525428465566,87214352.30802606,564,274.0590458639949,147,4.960202576531475
52,42.60457928033944,199359530.88095242,575,333.67700355477876,160,6.262770892209822
72,35.17527456306505,61665413.28096359,21,136.50270836662057,47,5.323061650078796
4,46.82956343610126,122101124.58900248,533,344.39843253179754,79,7.231647260119667
11,37.74589593453072,117593673.58992451,572,336.35507023885236,196,5.964507371951548
24,28.68094199206794,96693041.73244163,55,277.765547679202,42,3.8757109295831733
44,36.68966565822343,54388347.01001367,303,203.47403565682785,60,5.07519905697877
42,1.0267811859158686,77533712.27901709,549,212.74632407826857,72,2.913765998227481
53,38.40272971841541,132019208.85591231,57,195.03196560416256,103,5.069165756012428
72,14.044467314873906,10277099.386358412,348,271.1140008068247,7,2.4593346270702825
67,2.9274354175412647,127506754.22035608,413,188.52303020564335,174,4.85053231075424
24,2.5716978235818146,113329636.26690489,366,323.2574425859426,224,3.601928570295017
40,39.01975148304625,139544396.29775602,492,318.82069386956675,25,6.322271439120415
32,4.473999448657766,89203359.47318116,382,272.48896789740513,222,4.201451202647248
6,7.3953428354031825,84041213.9626099,269,223.73173003840589,18,3.8944180287024572
41,35.20785775860898,157050269.92801324,482,314.222697430722,145,7.2218544261426665
8,38.224169712937325,53277728.57454082,161,309.87863235612747,208,3.4259487759337
30,12.095777414995409,136342984.44625238,363,196.79011601129423,31,4.700163659106168
67,2.316595485317511,41203641.63824812,533,300.6328368998911,147,2.8382362600993245
60,4.683402476048432,4790302.134727534,208,306.8579885326081,199,2.604588241317336
46,25.799716162374626,153576930.03977913,300,249.8422775119504,164,4.655605762330098
48,27.671435245435433,169214779.22301868,40,308.9710320209465,158,5.340790161712002
49,36.186693629186315,8654385.785336668,538,238.1882898926666,138,4.910155811230117
47,35.429205932749234,149900506.24404666,34,124.2383008010367,172,5.350632562823341
59,16.37105781065438,118491186.38772225,437,325.5010739956555,231,5.983419359515079
21,36.176073098189924,67036297.192258835,339,313.3634155070522,199,5.384199031005895
54,14.68495112204421,114963494.3518974,147,310.23582755982443,5,4.438432878047166
25,26.178449679706716,79324828.33521044,284,168.7122583180129,93,4.488281631643627
33,25.820136681918097,155527729.1655811,399,240.79371986887426,168,5.537451471112223
33,2.192523362434905,69790217.79622674,293,345.8777365515232,48,4.388586070534787
30,47.87640984238969,33809042.52894136,477,165.26881266241458,165,7.609613443300873
35,35.1857977477356,35365811.0998319,160,293.191930693357,39,4.198937915220391
35,38.21622387354277,123042421.17645323,382,243.76123208600205,53,5.957990387186577
51,8.528435246594361,128292050.34772633,37,146.86632658660204,95,3.8950896603858736
14,33.581494069801444,42300291.66610551,304,125.85925414371451,93,3.751639873028773
47,6.385508488674064,39624522.31595355,367,156.85785316169864,236,3.3701707461015467
15,29.009480425934605,126383340.81877649,189,258.40148533138427,10,4.24933446824398
36,20.960738708756786,45289598.454826556,484,236.7401983114413,19,3.312607936677382
19,32.16107643533982,99669835.87739083,55,268.87467769160776,8,3.4709419996555657
27,9.2486880710055,73899092.10250117,106,154.68556115619447,144,3.243399755270878
9,28.151606647619346,123700683.73890062,43,128.85584357414402,56,4.07527265523115
41,38.758507827640194,128999352.35096265,153,205.46637083599683,217,6.474426743949414
8,10.79218803187705,193089761.8590727,151,272.2912222879553,156,4.473617974490009
9,11.752991845186104,139609447.63645187,382,203.8740022064705,58,3.6823824322073215
63,6.21951166895414,61441530.66078058,326,264.6464654133363,119,3.2948487186876103
46,22.09554735131115,148235928.74670607,425,262.1975035068866,231,6.050485822100942
30,0.5740090221472389,33682192.389758736,352,317.7942654659646,81,2.0725656982305356
66,31.21136666123152,89024848.07175669,485,160.64399866772655,87,6.915165124741323
50,13.273838704459024,102545525.63493621,541,172.831511412529,158,5.258396932936208
8,10.745138455805389,158260524.7202458,560,298.38961192336313,87,3.363551076355328
9,5.020989027834141,79114146.48863688,292,284.3310577090746,41,3.28840174613289
20,41.81677714890861,166475978.41371503,271,204.51895659939288,128,6.331235553122996
31,18.316242444499665,57077385.7808106,582,333.4107568057769,45,3.92772050329497
49,8.795253877146267,119469126.64655401,318,343.23498483735517,114,3.4544245368743516
26,22.09471905012827,11007912.875268383,17,334.2459255092821,31,2.037477633737391
49,1.095991628509863,16070222.448980656,136,286.8835204018443,105,0.5841967541212483
62,47.688121714285074,82136545.33784816,523,325.8350675411518,81,6.6502581221289745
43,23.22789735870986,117135784.52667682,378,347.3750121425781,110,5.137589795830816
5,30.141309832842435,44361227.52020496,309,125.50522328222121,84,3.5143583998059764
9,39.63358544983386,102070515.35599132,91,322.0203037977784,168,4.004766683986102
47,12.646612455680739,94045639.64617044,43,258.1602988602916,166,4.353296510217882
21,16.348291987191054,18998622.233565353,72,283.22821130088863,235,4.267668728050151
55,24.86262417858021,89617252.55397202,478,160.53587276772436,58,3.7423913708002488
8,7.575291010020087,181620276.9286223,544,239.86420249496973,247,6.225666764567023
21,14.899306790107934,173397665.16905448,397,279.9941956350815,150,5.087775419303275
30,4.653353025242918,197199409.80033347,142,175.1976592091489,192,3.397785087868569
15,29.826881886035373,177099677.15667537,18,168.71257850739823,141,5.018880354117898
40,6.573626826028636,156495119.49372816,445,184.2426146488839,87,4.098645894734982
63,18.37478112565886,741375.6054917263,208,293.850512270227,28,3.536227143137093
21,18.036355085655575,50775964.45210709,230,122.44485627792058,88,3.3743754395342633
5,3.6833208493602076,86457384.78744179,47,265.36128006509045,213,2.015341712615588
45,10.713069799052981,27767636.371322438,533,214.77801038568055,68,3.958388178210425
26,18.776039023922046,170649481.74570397,127,340.8234191270157,77,4.111756060431517
13,28.132084135542005,179876864.1612046,190,268.3978784710538,139,5.5844892923870795
46,30.01531789947931,24556224.283866063,118,237.99938809324135,8,3.695451874386726
30,44.25343523734244,79848828.33204661,568,229.36316814449327,98,4.040939901389158
68,10.07989066908186,34890524.885425426,224,217.47909711282767,192,2.702513080082608
9,2.5598416756503917,71053726.50008139,165,150.57519786645267,188,2.836695388603755
41,42.37489054846616,187908693.3161362,369,273.7509031262898,84,7.107774062620642
57,8.412333433914588,176289617.2376255,209,156.9560458758294,212,4.929237312603955
51,3.828963849096379,134558538.13480914,69,154.64950826716807,230,3.8826734682107964
54,38.03634773346277,110113846.82548934,236,271.3058742631198,18,5.75607075561382
11,32.285930359569626,8375925.90718038,515,192.09063592920393,59,3.5444697905366
68,3.429488871751272,165257622.97009227,584,167.1032922735805,67,5.001513717763654
14,13.333585039348792,161341064.25535753,62,335.87140492476635,2,2.9269776054793426
43,1.8410795533995714,35404678.105575286,536,290.120491102707,3,3.4595502758753454
4,17.707136093530274,95629007.15477332,132,148.25410370484292,59,3.475772503301042
71,23.365071415071956,28010437.959537845,27,335.0029369751834,254,2.7755393957986243
59,36.68263590891629,152545136.00609654,287,263.1446005153664,226,7.160156406604051
19,10.642634916522606,182323055.72955182,409,180.91840235858427,246,4.349446589538819
22,39.8204071275396,31715892.002619125,203,336.1919826944347,121,4.12106839252016
9,45.6688295761335,39617552.125590205,125,205.0126656641517,16,3.956928708516819
71,40.37911270375746,173965899.92219302,543,142.9627856024292,143,8.708797973320289
65,31.3768598313435,127943823.30329019,415,142.7594142776509,180,6.059190431499996
56,6.501928523200935,97857057.57633966,375,312.6037330713506,20,5.120147740107626
20,41.15685293991039,47642881.33648732,44,125.37519837601653,212,3.803148845190944
68,37.94823360686975,45672814.441136226,87,223.31071890349892,51,4.191471156910985
30,40.98261783885056,148595007.99592298,501,155.87788255037376,217,7.859699034392197
70,1.8175182891769763,194639795.6019418,238,311.51254595552484,98,6.431864511603298
52,19.698733083974936,192820938.1171246,593,278.94446712415794,126,7.8396487146653415
31,34.89331468065517,71288594.72335662,597,321.04754920025397,48,3.9253117981922623
50,35.90184218517034,47690442.40746643,393,231.2438654992922,62,5.25677749962337
42,14.644807722934214,89191121.9949581,527,298.69745459683793,47,3.1626633699391036
25,17.348259666754224,53786552.63390602,10,209.84461895554904,84,2.812694500048472
40,15.4811566476293,188299464.1153778,502,261.44385416673447,6,5.515285991267151
5,13.556788185942485,77373659.31582265,234,205.31380734147967,91,2.511245330370189
28,21.372646356593258,70479985.19400282,97,176.3874025752201,114,4.2519893764976375
14,8.576277383608467,150566870.5520474,361,338.02035613950176,207,4.338297264323266
65,14.938168118440775,19954856.63341114,572,329.16647864683716,206,5.303110802626353
41,31.593367700355547,70059810.42714143,397,195.49955711505822,79,5.139829041604798
44,12.909507619365145,62585585.38122017,150,328.8053031982914,125,2.088555059589302
55,9.225374822890416,36507117.718977444,484,277.67100551865127,141,4.237528449032567
5,46.63028679392277,78547773.62213337,319,237.38802242991676,243,3.9135089716328126
53,41.468507599045004,151946089.02844444,486,188.69427506668052,132,6.106744779553826
17,7.172310184480713,181453174.22104996,219,311.4687869183522,114,4.604471266549647
8,18.735717336313172,142692254.86346287,191,347.9171451350272,231,4.562937600622172
47,6.303234365754014,194024066.01172373,510,141.48163680189836,2,5.501293358970322
22,37.62801896190548,141126893.27202663,190,217.69008088108185,142,5.387751403882525
25,27.421349114966425,63937630.40164937,303,167.14407476275377,161,3.324688051763504
43,9.456827059945436,198354518.80351487,189,165.01311725229317,198,4.968996313171899
24,31.437025043340537,74477586.9772074,17,147.00970569481953,60,2.7793054823582573
19,30.66703754838468,129825773.44325808,396,301.0348557077355,120,5.581339990988835
56,23.422310954665303,183552769.7874257,554,243.90433361856526,106,6.637644278529451
44,33.985492276472286,44253383.97952637,81,167.13392414714374,102,3.3208189742685623
